il_plaka,il,firma_adi,yetkili,telefon,website,email,ilce,adres,kaynak
1,Adana,Adana Oto Kiralama,,,https://adanaotokiralama.com.tr/,,adana,"Adana-Kayseri yolu 01000, 01000",https://www.openstreetmap.org/node/3324646260
1,Adana,Kaymaz Otomotiv,,,,,,,https://www.openstreetmap.org/node/6854671585
2,Adıyaman,Görkem Rent A Car,,,,,,,https://www.openstreetmap.org/node/5002965328
2,Adıyaman,İlkay Rent A Car,,,,,,,https://www.openstreetmap.org/node/5002965327
2,Adıyaman,İzoloğlu Otomotiv,,,https://adiyamanarackiralama.com/,,Merkez,"Atatürk Bulvarı Yanyolu 260/1, Sıratut mahallesi, 02000",https://www.openstreetmap.org/node/8948420134
5,Amasya,05 Otomotiv,,,,,,,https://www.openstreetmap.org/way/1408876824
5,Amasya,Vinç Kiralama,,,,,,,https://www.openstreetmap.org/way/1346182671
6,Ankara,Abone Oto Kiralama,,,,,,,https://www.openstreetmap.org/node/4505869970
6,Ankara,Akta Car Rental,,,,,,,https://www.openstreetmap.org/node/14192256803
6,Ankara,As Rent a Car,,,,,,,https://www.openstreetmap.org/node/13811078476
6,Ankara,Atakent Taksi Durağı,,+90 312 282 04 05,,,,1. Meşrutiyet Caddesi,https://www.openstreetmap.org/node/5213725127
6,Ankara,Atlas Oto Kiralama,,,,,Çankaya/Ankara,Cihan Sk.,https://www.openstreetmap.org/node/4237566060
6,Ankara,Aydin,,,,,,,https://www.openstreetmap.org/node/10013620671
6,Ankara,B&B Oto Kiralama,,,,,,,https://www.openstreetmap.org/node/14046099762
6,Ankara,BAHA Rent A Car,,,,,,,https://www.openstreetmap.org/node/9818011542
6,Ankara,Ekol Oto Kiralama,,,,,,,https://www.openstreetmap.org/node/13947804376
6,Ankara,Elit Mina Rent A Car,,,,,,,https://www.openstreetmap.org/node/13059147423
6,Ankara,Filo Rent a Car,,,,,,319. Cadde,https://www.openstreetmap.org/node/13745998802
6,Ankara,Han Rent a Car,,+90 312 212 1151;+90 532 363 7877,,,,61. Cadde 35A,https://www.openstreetmap.org/node/13970244101
6,Ankara,Kalaycı Rent A Car,,+90 312 317 24 44,,,,,https://www.openstreetmap.org/node/4387484091
6,Ankara,MAK Rent A Car & Emlak,,,,,,,https://www.openstreetmap.org/node/9415342022
6,Ankara,Mertcan Rent A Car,,,,,Keçiören,Ergün Sokak,https://www.openstreetmap.org/node/4176031036
6,Ankara,MSM Motor's Araç Kiralama,,,,,,,https://www.openstreetmap.org/node/13947804336
6,Ankara,MT Rent a Car & Emlak,,,,,,,https://www.openstreetmap.org/node/14167212267
6,Ankara,Otocar Rental,,,,,,,https://www.openstreetmap.org/node/13654693724
6,Ankara,RM Rent a Car,,+90 312 336 77 00,,,,,https://www.openstreetmap.org/node/12640755903
6,Ankara,Sar Oto Kiralama,,,,,,,https://www.openstreetmap.org/node/12028916890
6,Ankara,"Siyah Beyaz Turizm & Taşımacılık, Araç Kiralama",,,,,,,https://www.openstreetmap.org/node/9415342039
6,Ankara,Transfer Araba Kiralama,,,,,,,https://www.openstreetmap.org/node/13584570301
6,Ankara,Varda Garage,,,,,,,https://www.openstreetmap.org/node/14167225531
6,Ankara,Varlık Vinç,,,,,Gölbaşı,"853. Sokak 6/A, Şafak Mahallesi, 06830",https://www.openstreetmap.org/node/5365741247
6,Ankara,Yıldırım Oto Kiralama,,,,,,,https://www.openstreetmap.org/node/13683020451
6,Ankara,Zeplin,,,,,,,https://www.openstreetmap.org/node/4353557490
6,Ankara,Zeplin Car Rental,,+90 850 800 01 34,https://www.zeplincar.com,kurumsal@zeplincar.com,Etimesgut,"İstasyon Caddesi 182/A, Süvari",https://www.openstreetmap.org/node/13416144494
6,Ankara,Şerit Oto Kiralama,,,,,,,https://www.openstreetmap.org/node/13782790689
7,Antalya,Abi,,,,,,,https://www.openstreetmap.org/node/379330925
7,Antalya,Akkoç otomotiv,,,,,,Zamanoğlu Caddesi 46,https://www.openstreetmap.org/node/10651180325
7,Antalya,Alis Mietwagen / Ausflüge / Ferienwohnungen,,+90 532 673 28 39,,,,,https://www.openstreetmap.org/node/1953339902
7,Antalya,ALi’s AUSFLUGE,,,,,,,https://www.openstreetmap.org/node/5864545486
7,Antalya,Anatolia Rent a Car,,,,,,,https://www.openstreetmap.org/node/10220058998
7,Antalya,Ant Rent,,+90 546 447 07 65; +90 546 446 07 65,,,,,https://www.openstreetmap.org/node/10214195479
7,Antalya,Antal,,,,,,,https://www.openstreetmap.org/node/11305467797
7,Antalya,Antalya Airport Rent a car / Antalya 07 Rent A Car,,+90 533 394 65 94,https://www.antalya07rentacar.com/,,,,https://www.openstreetmap.org/node/2839344585
7,Antalya,Arisan,,,,,,,https://www.openstreetmap.org/node/6769288585
7,Antalya,Aslan,,,,,,,https://www.openstreetmap.org/node/5259799730
7,Antalya,Atilim,,,,,,,https://www.openstreetmap.org/node/6072990007
7,Antalya,Audi,,,,,,,https://www.openstreetmap.org/node/4403723490
7,Antalya,Avec Rent a Car - Antalya Havalimanı Karşısı - Aksu,,,,,,Lara Caddesi 59/1-E,https://www.openstreetmap.org/node/9203132917
7,Antalya,Avis,,,,,,,https://www.openstreetmap.org/node/6514662400
7,Antalya,Ayazoğlu Ren A Car,,,,,,,https://www.openstreetmap.org/node/5257945745
7,Antalya,Aytucar,,,,,,,https://www.openstreetmap.org/node/9528126117
7,Antalya,Bekir Rent A Car,,+90 242 3230133,,,,,https://www.openstreetmap.org/node/6036137760
7,Antalya,Boyrent,,,,,,,https://www.openstreetmap.org/node/7903191385
7,Antalya,Budget,,,,,,,https://www.openstreetmap.org/node/6514662402
7,Antalya,Can Rent A Car,,,,,,,https://www.openstreetmap.org/node/5769806953
7,Antalya,Cesur Filo,,,,,Kepez,"Antalya_1 Cad. 8, Altınova Sinan Mahallesi, 07170",https://www.openstreetmap.org/node/13206541911
7,Antalya,Cizgi Rent A Car,,,https://www.cizgirentacar.com/,,,,https://www.openstreetmap.org/node/6514662398
7,Antalya,Control Car Rental,,,,,Mahmutlar,"Barbaros Cd., Mahmutlar, 07450",https://www.openstreetmap.org/node/8993585880
7,Antalya,Dejavu Rent A Car,,+905077681512,https://www.antalyaarabakiralama.net/,dejavucar@hotmail.com,Aksu,"İncikpınarı 19, Güzelyurt",https://www.openstreetmap.org/node/9143237511
7,Antalya,Denizhan Rent-a-car,,+90 242 463 14 47,denizhan.rentacar.com,,,,https://www.openstreetmap.org/node/3302339311
7,Antalya,Diamond Garage,,,,,,,https://www.openstreetmap.org/node/12246641926
7,Antalya,Donatello,,+90 242 753 28 37,,,Side,"Side Caddesi, 07330",https://www.openstreetmap.org/node/4517716401
7,Antalya,"Enterpise, Alamo",,,,,,,https://www.openstreetmap.org/node/8521384318
7,Antalya,Enterprise,,,,,,,https://www.openstreetmap.org/node/12476119104
7,Antalya,Enterprise Rent-a-Car,,+90 532 700 59 97,,,,,https://www.openstreetmap.org/node/5340882805
7,Antalya,EREN RENT A CAR & ПРОКАТ АВТОМОБИЛЕЙ & EMLAK GÖYNÜK - BELDİBİ - KEMER - KİRİŞ - ÇAMYUVA,,+90 534 624 12 00,,,,,https://www.openstreetmap.org/node/14072181601
7,Antalya,Erhan Rent a Car,,,,,,,https://www.openstreetmap.org/node/5262382927
7,Antalya,Erkan,,,,,,,https://www.openstreetmap.org/node/6072991004
7,Antalya,Erkan Rent a Car,,+90 242 7152229,,erkanrentacarbelek@hotmail.com,Belek,Akdeniz Mah. Cumhurriyet Cadesi 35 a,https://www.openstreetmap.org/node/1996635015
7,Antalya,Eurodan Alanya,,yes,https://alanya-eurodan.com/,info@alanya-eurodan.com,,,https://www.openstreetmap.org/node/1631571910
7,Antalya,Europcar,,+90 242 814 11 40,,,,Merkez Mahallesi Bariş Manço Caddesi Kervansaray Sit. D Blok No: 3,https://www.openstreetmap.org/node/5000462245 https://www.openstreetmap.org/node/5908141885 https://www.openstreetmap.org/node/6514662401 https://www.openstreetmap.org/node/9110234674 https://www.openstreetmap.org/node/9590932661 https://www.openstreetmap.org/way/186263088
7,Antalya,Fly Car Rental,,,,,Antalya,"Paşabey Sokak, Aydıncık Mah., 07900",https://www.openstreetmap.org/way/626371204
7,Antalya,Freetime,,,,,,,https://www.openstreetmap.org/node/12782866501
7,Antalya,Galaxy,,+90 530 119 47 21,,,,,https://www.openstreetmap.org/node/8960913748
7,Antalya,GLR Rent A Car,,,,info@glrrentacar.com,Aksu,"Şehit Mustafa Göktürk Caddesi 44/1, Güzelyurt, 07112",https://www.openstreetmap.org/node/10554820232
7,Antalya,Gold Rent A Car,,,,,,,https://www.openstreetmap.org/node/3959069020
7,Antalya,Gozde oto yikama,,,,,,,https://www.openstreetmap.org/node/6072991000
7,Antalya,GRentacar,,,,,,,https://www.openstreetmap.org/node/9630928919
7,Antalya,Güney otomotiv rent a car,,,,,,,https://www.openstreetmap.org/node/9528129317
7,Antalya,HasCar Rent A Car,,+905352905515,https://www.antalyahascar.com/,,,Lara Caddesi 196,https://www.openstreetmap.org/node/6789351497
7,Antalya,Hava-Kaş,,,,,,,https://www.openstreetmap.org/node/7996687985
7,Antalya,Hertz,,,,,,,https://www.openstreetmap.org/node/6514662403
7,Antalya,İbo Rent a Car,,,,,,,https://www.openstreetmap.org/node/12784065178
7,Antalya,Karalar otomotiv & inşaat,,+90 242 522 19 99; +90 532 676 76 68,,,,,https://www.openstreetmap.org/node/12463359626
7,Antalya,Kaş Airport Transfer l Car Rental /Bike Rental,,+905510274445,https://maps.app.goo.gl/EAordsQAu8jp83PW7,likyatravelkas@gmail.com,Kaş,"Bilginler Sokak, Andifli Mahallesi, 07580",https://www.openstreetmap.org/node/6378151855
7,Antalya,Korkmaz Rent A  Car,,+90532660508,http://www.korkmazrentacar.com,korkmaze82@hotmail.com,,Side Caddesi 22,https://www.openstreetmap.org/node/11402451569
7,Antalya,Kros Rent a Car & Motorbike,,,http://krosrental.com,,,,https://www.openstreetmap.org/node/3854680693
7,Antalya,M&E Rent a Car,,+90 242 3235000;+90 532 3351613,,,,Fener Mah.,https://www.openstreetmap.org/node/5418444268
7,Antalya,Magic,,+90 242 753 56 38,http://www.magicrentacar.com,info@magicrentacar.com,Manavgat,"Side Caddesi 28, Selimiye, 07330",https://www.openstreetmap.org/node/4517716402
7,Antalya,Marco Polo,,+90 535 413 84 63,,,,,https://www.openstreetmap.org/node/10649078393
7,Antalya,MCR Efe Quad & Buggy Safari,,,,,,,https://www.openstreetmap.org/node/12075598569
7,Antalya,Melis Car Renta System,,+90 242 527 47 15,,,,,https://www.openstreetmap.org/node/5058954623
7,Antalya,Mercan Rent A Car,,+90 242 3233579 / +90 542 5730803,,,,,https://www.openstreetmap.org/node/6036066983
7,Antalya,Mevlüt otomotiv & emlak,,+90 532 157 62 99,,,,Zamanoğlu Caddesi 48,https://www.openstreetmap.org/node/10651180326
7,Antalya,Olympos Rent a Car,,,,,,,https://www.openstreetmap.org/node/310989371
7,Antalya,Onur,,+90 242 512 31 44,https://alanyaonurrentacar.com/,onurrent@hotmail.com,,,https://www.openstreetmap.org/node/1972059158
7,Antalya,Oztur Rent a Car,,+90 536 889 09 46,,,,Namık Kemal Cd.,https://www.openstreetmap.org/node/8956594218 https://www.openstreetmap.org/node/8956615318
7,Antalya,Park Aslantürk,,,,,Antalya,"Şehit Mustafa Göktürk Caddesi 44/1E, Güzelyurt Mahallesi, 07112",https://www.openstreetmap.org/way/1245822774
7,Antalya,Rental,,,,,,,https://www.openstreetmap.org/node/8540157117
7,Antalya,Rota Bilisim Rent a Car,,,,,,,https://www.openstreetmap.org/node/1235780725
7,Antalya,Seçil Rent A Car & VİP TRANSFER HİZMETLERİ,,,,,Antalya,"Kardeş Kentler Caddesi NO:164/A, GÜZELYURT MAH, 07112",https://www.openstreetmap.org/way/1241882509
7,Antalya,Sinan,,,,,,,https://www.openstreetmap.org/node/12197585464
7,Antalya,Sixt,,,,,,,https://www.openstreetmap.org/node/6514662399 https://www.openstreetmap.org/node/11294927269
7,Antalya,Smile,,+90 242 7532715;+90 242 753488586,http://www.smilerentacar.com,arslan@smilerentacar.com,,,https://www.openstreetmap.org/node/2752820742
7,Antalya,Space,,,,,,,https://www.openstreetmap.org/node/10282043846
7,Antalya,TBR (Turkey Bike Rental),,,,,,,https://www.openstreetmap.org/way/1425768178
7,Antalya,Turtas Rent a Car,,,,,,,https://www.openstreetmap.org/node/12116710408
7,Antalya,Tusia Car Rental,,,,,,,https://www.openstreetmap.org/node/11041808915
7,Antalya,U&A,,,,,,,https://www.openstreetmap.org/node/6541084738
7,Antalya,United Rent A Car,,,,,Aksu,"Şehit Mustafa Göktürk Caddesi 44/1, Güzelyurt Mahallesi, 07112",https://www.openstreetmap.org/node/11581799665
7,Antalya,Vizyon Emlak & Rent A Car,,,,,,,https://www.openstreetmap.org/node/14073064001
7,Antalya,Windycar,,+90 242 463 20 18,,,,,https://www.openstreetmap.org/node/8958202218
7,Antalya,Yener Rent a Car,,,,,,,https://www.openstreetmap.org/node/8995695246
7,Antalya,Yıldızlar Rent a Car,,,,,,,https://www.openstreetmap.org/node/12383599857
7,Antalya,Çetin otomotiv,,,,,,Zamanoğlu Caddesi 54,https://www.openstreetmap.org/node/10651180328
7,Antalya,ÇEÇEN EMLAK REAL ESTATE&RENT A CAR,,+90 546 933 14 92,,,Konyaaltı,,https://www.openstreetmap.org/node/14131581957
7,Antalya,Özmen,,+905465404960 / +905462764960,,,,,https://www.openstreetmap.org/node/9798207659
7,Antalya,Özpirinçci Rent Car,,,,,,,https://www.openstreetmap.org/node/12256476135
7,Antalya,Özum rent car,,,,,,,https://www.openstreetmap.org/node/7425395785
7,Antalya,Şeker Rent A Car,,+90 242 753 64 64 / +90 532 664 40 54,,osmansekerm@gmail.com,Side,"Fatih Sultan Mehmet Bulvarı 30/A, 07330",https://www.openstreetmap.org/node/4453263003
7,Antalya,"вместо 20 км, катают 12 км",,,https://www.buggy-cross.com/,,,,https://www.openstreetmap.org/node/6523976686
7,Antalya,мотопрокат,,,,,,,https://www.openstreetmap.org/node/7887207685
7,Antalya,Экскурсии в Кемере BELOVED TOUR & RENT A CAR,,+90 532 175 60 65,,,,,https://www.openstreetmap.org/node/14072494601
9,Aydın,Ersan Rent a Car Aydın Araba Kiralama,,,,,Efeler,"Kıbrıs Caddesi 11, Kurtuluş Mahallesi",https://www.openstreetmap.org/node/6854092820
10,Balıkesir,Anlam Rent a Car,,,,,Bandırma,"Kaşif Acar Caddesi 38, Haydar Çavuş Mahallesi, 10200",https://www.openstreetmap.org/node/11333665936
10,Balıkesir,Ar-Ge Vinç,,,,,Bandırma,"1051 Sokak 50, 17 Eylül Mahallesi, 10200",https://www.openstreetmap.org/way/1461829380
10,Balıkesir,Avec Car Rentals,,+90 266 631 28 33,https://www.aveccarrentals.com/,,,,https://www.openstreetmap.org/node/5542054176
10,Balıkesir,Avis Araç Kiralama,,+90 266 312 24 56,https://www.avis.com.tr/,,,,https://www.openstreetmap.org/node/5542054177
10,Balıkesir,Bankon Treyler,,,,,Bandırma,"2071 Sokak 40, 600 Evler Mahallesi, 10200",https://www.openstreetmap.org/way/1486067492
10,Balıkesir,Banpaş Rent A Car,,,,,Bandırma,"16009 Sokak 4/A, Paşabayır Mahallesi, 10200",https://www.openstreetmap.org/node/13304711793
10,Balıkesir,Bayram Yem Makineleri,,,,,Bandırma,"2053 Sokak 59, 600 Evler Mahallesi, 10200",https://www.openstreetmap.org/way/1486150186
10,Balıkesir,Bilen Rent A Car,,,,,Bandırma,"Mehmetçik Caddesi 1, Paşabayır Mahallesi, 10200",https://www.openstreetmap.org/node/11446682490
10,Balıkesir,Boss Car Rental,,,,,Bandırma,"Mehmetçik Caddesi 9/A, Paşabayır Mahallesi, 10200",https://www.openstreetmap.org/node/13294541383
10,Balıkesir,Brs Tour,,,,,Bandırma,"Şehit Mustafa Boz Caddesi 19/A, Paşakent Mahallesi, 10200",https://www.openstreetmap.org/node/13203384905
10,Balıkesir,Crazy ATV,,,,,Bandırma,"2141 Sokak 4/A, 600 Evler Mahallesi, 10200",https://www.openstreetmap.org/node/13474095307
10,Balıkesir,Cüneyt Auto Center,,,,,Bandırma,"20075 Sokak 14-16/E, Sunullah Mahallesi, 10200",https://www.openstreetmap.org/node/13423954922
10,Balıkesir,Cüneyt Rent A Car,,,,,Bandırma,"Şehit Hüseyin Süzener Caddesi 8/4B, Paşakent Mahallesi, 10200",https://www.openstreetmap.org/node/13244649830
10,Balıkesir,EDO Araç Kiralama,,,http://www.edorentacar.com/,info@edorentacar.com1,,,https://www.openstreetmap.org/node/5542054175
10,Balıkesir,Efe Oto Kiralama,,,,,Bandırma,"İsmet İnönü Caddesi 130/A, Paşamescit Mahallesi, 10200",https://www.openstreetmap.org/node/13373911284
10,Balıkesir,Erenler Araç Kiralama,,,,,Bandırma,"11035 Sokak 23/A, Günaydın Mahallesi, 10200",https://www.openstreetmap.org/node/13340121068
10,Balıkesir,Gezer Motor,,,,,Bandırma,"1019 Sokak 22/A, 17 Eylül Mahallesi, 10200",https://www.openstreetmap.org/node/13410300688
10,Balıkesir,Gökçağ Rent A Car,,,,,Bandırma,"Mehmetçik Caddesi 27/A, Paşabayır Mahallesi, 10200",https://www.openstreetmap.org/node/13299578178
10,Balıkesir,Güven Kadıoğlu,,,,,Bandırma,"Gönen Karayolu Caddesi 3, 600 Evler Mahallesi, 10200",https://www.openstreetmap.org/way/1017820016
10,Balıkesir,Harman Traktör,,,,,Bandırma,"2064 Sokak 31/1, 600 Evler Mahallesi, 10200",https://www.openstreetmap.org/way/1486150149
10,Balıkesir,Kaplan Otomotiv,,,,,Bandırma,"Ordu Caddesi 119/B, Sunullah Mahallesi, 10200",https://www.openstreetmap.org/node/13434355491
10,Balıkesir,Karadağ,,,,,Bandırma,"2004 Sokak 8/B, 100. Yıl Mahallesi, 10200",https://www.openstreetmap.org/node/13596328308
10,Balıkesir,Keskinler Rent a Car,,,,,Bandırma,"Atatürk Caddesi 37, Haydar Çavuş Mahallesi, 10200",https://www.openstreetmap.org/way/1182993622
10,Balıkesir,KMG Oto Kiralama,,,,,Bandırma,"Atatürk Caddesi 173/F, 17 Eylül Mahallesi, 10200",https://www.openstreetmap.org/node/13401735716
10,Balıkesir,Körpe Oto Kurtarıcı,,,,,Bandırma,"2104 Sokak 30, 600 Evler Mahallesi, 10200",https://www.openstreetmap.org/way/1488797617
10,Balıkesir,Liva Karavan,,,,,Bandırma,"21034 Sokak 4/A, Yeni Mahallesi, 10200",https://www.openstreetmap.org/node/13519904978
10,Balıkesir,Mir Rent A Car,,,,,Bandırma,"Ordu Caddesi 8, Paşabayır Mahallesi, 10200",https://www.openstreetmap.org/node/11446682497
10,Balıkesir,Oto Kiralama Alım Satım,,,,,Bandırma,"Mareşal Fevzi Çakmak Caddesi 33/B, Günaydın Mahallesi, 10200",https://www.openstreetmap.org/node/12951751223
10,Balıkesir,Oto Marka Rent A Car,,,,,Bandırma,"Mehmetçik Caddesi 5/C, Paşabayır Mahallesi, 10200",https://www.openstreetmap.org/node/12450998585
10,Balıkesir,Perama Marine,,,,,Bandırma,"8000 Sokak 2/A, Dere Mahallesi, 10200",https://www.openstreetmap.org/node/13328261504
10,Balıkesir,Rüzgar Rent A Car,,,,,Bandırma,"Atatürk Caddesi 140-142, 17 Eylül Mahallesi, 10200",https://www.openstreetmap.org/way/1183490051
10,Balıkesir,Sezer Rent A Car,,,,,Bandırma,"Mehmetçik Caddesi 3, Paşabayır Mahallesi, 10200",https://www.openstreetmap.org/way/1184086819
10,Balıkesir,Solak Makine,,,,,Bandırma,"2053 Sokak 51-53, 600 Evler Mahallesi, 10200",https://www.openstreetmap.org/way/1486150184
10,Balıkesir,Uğur Auto,,,,,Bandırma,"13003 Sokak 2/A, İhsaniye Mahallesi, 10200",https://www.openstreetmap.org/node/13377980048
10,Balıkesir,Uğur Otomotiv Gayrimenkul,,,,,Bandırma,"Şükrü Naili Caddesi 1/A, Paşamescit Mahallesi, 10200",https://www.openstreetmap.org/node/13357340833
10,Balıkesir,Yağmur Rent A Car,,,,,Bandırma,"Kayacık Caddesi 80/A, 100. Yıl Mahallesi, 10200",https://www.openstreetmap.org/node/13592915935
10,Balıkesir,Zeplin Car Rental,,,,,Bandırma,"20061 Sokak 9/A, Sunullah Mahallesi, 10200",https://www.openstreetmap.org/node/13436171850
10,Balıkesir,Şafak Oto Geri Dönüşüm Tesisi,,,,,Bandırma,"2112 Sokak 1, 600 Evler Mahallesi, 10200",https://www.openstreetmap.org/way/1488797622
10,Balıkesir,Şahinbey Rent A Car,,,,,Bandırma,"Gönen Karayolu Caddesi 5, 600 Evler Mahallesi, 10200",https://www.openstreetmap.org/way/1529028583
10,Balıkesir,Şahinler Rent A Car,,,,,Bandırma,"Halil Özümit Sokağı 5/B, 17 Eylül Mahallesi, 10200",https://www.openstreetmap.org/node/13405658432
13,Bitlis,Emir Otomotiv Rent A Car,,,,,,,https://www.openstreetmap.org/node/7908818331
13,Bitlis,Tatvan Rent A Car,,,,,Tatvan/Bitlis,,https://www.openstreetmap.org/node/3804599394
16,Bursa,ATLAS RENT A CAR,,+905464329949,,destek@yildiranotomotiv.com,Gemlik,"Fatih Caddesi 29, Dr. Ziya Kaya, Mh, 16600",https://www.openstreetmap.org/node/12773299632 https://www.openstreetmap.org/way/1378075037
16,Bursa,Elay Araç Kiralama Hizmeti,,+905074496294,,elisdereli@gmail.com,,"Mevlana Sokak 13/3, 16285",https://www.openstreetmap.org/node/7497930885
16,Bursa,GarentaDAY,,+90 224 999 10 90,https://garenta.com.tr,,,,https://www.openstreetmap.org/node/6289412086
16,Bursa,Otems Car RENTAL,,,,,,,https://www.openstreetmap.org/node/13526390567
16,Bursa,WindyCar Bursa Ofisi,,,,,Nilüfer,"İzmir Yolu Caddesi 301, Alaaddinbey Mahallesi, 16120",https://www.openstreetmap.org/node/13945074985
17,Çanakkale,Güney Oto Kiralama,,+905332186070,,,,,https://www.openstreetmap.org/node/4840438085
18,Çankırı,اوتوكار چانكري,,,,,,,https://www.openstreetmap.org/node/8495905517
21,Diyarbakır,0021 Oto Rent A Car,,,,,Yenişehir/Diyarbakır,Akkoyunlu 1. Sokak,https://www.openstreetmap.org/node/3744065732
21,Diyarbakır,Beken Rent A Car,,,,,Diyarbakır,Hava Limanı Cd.,https://www.openstreetmap.org/node/3329659898
21,Diyarbakır,Enterprise,,,,,,,https://www.openstreetmap.org/node/13322606018
21,Diyarbakır,GarentaDAY,,,,,,,https://www.openstreetmap.org/node/13322606017
21,Diyarbakır,SIXT,,,,,,,https://www.openstreetmap.org/node/13322606016
21,Diyarbakır,Sun Rent A Car,,,,,,Kurt İsmail Paşa 3. Sokak,https://www.openstreetmap.org/node/4059383727
22,Edirne,Garenta,,+90 536 451 92 30,https://www.garenta.com/,,,,https://www.openstreetmap.org/node/14053775807
22,Edirne,Keşan Araç Kiralama,,,,,,"İspat Cami Mahallesi, efes bulvarsı, galericiler sitesi No:24",https://www.openstreetmap.org/way/463128459
23,Elazığ,Elazığ Mert Oto Kiralama,,+90 539 712 46 07,https://elazigmertotokiralama.com/,,Elazığ/Türkiye,"Şehit İlhanlar Caddesi 71/A, 23200",https://www.openstreetmap.org/node/4489928676
25,Erzurum,Erzurum Havalimanı Araç Kiralama,,,,,,,https://www.openstreetmap.org/node/10130646018
25,Erzurum,Nissa Car Rental,,,,,,,https://www.openstreetmap.org/node/10130646019
25,Erzurum,Vivi Erzurum Araç Kiralama,,,,,,,https://www.openstreetmap.org/node/10130646020
26,Eskişehir,Rent Go,,,,,,,https://www.openstreetmap.org/node/12143442126
26,Eskişehir,Rentesk,,,,,,,https://www.openstreetmap.org/node/4672169489
27,Gaziantep,TAKSİ ÖCRET 🚖,,,,,,,https://www.openstreetmap.org/node/4411473298
29,Gümüşhane,Elit Rent A Car,,,,,,,https://www.openstreetmap.org/node/3803406643
29,Gümüşhane,Hira Rent A Car,,,,,Gümüşhane,,https://www.openstreetmap.org/node/3803406566
31,Hatay,Havare Oto Kurtarma,,+905352839493,,,Antakya,"E5 Karayolu Caddesi, Küçükdalyan, 31100",https://www.openstreetmap.org/node/12800869091
31,Hatay,Karem Oto Alım Satı Kiralama,,,,,Antakya,"Şefik Seyfettin Bulvarı, Serinyol, 31000",https://www.openstreetmap.org/node/11371254711
31,Hatay,Konfor Rent a Car Otomotiv,,,,,Antakya,"Şefik Seyfettin Bulvarı, Serinyol, 31000",https://www.openstreetmap.org/node/11371254710
31,Hatay,YD OTO KİRALAMA&YIKAMA,,+905524708055,,,Antakya,"Atatürk Caddesi, Serinyol, 31000",https://www.openstreetmap.org/node/11513843649
31,Hatay,YLÇ Rent A Car,,"+905388574648, +905527272242, +90538576248, +905527272242",,,Antakya,"Atatürk Caddesi, Serinyol, 31000",https://www.openstreetmap.org/node/11513746024
32,Isparta,Yağızlar Filo,,,,,,,https://www.openstreetmap.org/node/9800891802
33,Mersin,Ayaz Oto Kiralama,,,,,Tarsus/Mersin,,https://www.openstreetmap.org/node/3798523550
33,Mersin,Aydın Otomativ,,,,,,Göksu Mahallesi,https://www.openstreetmap.org/node/5313792333
33,Mersin,Red Car Rent A Car,,,,,,,https://www.openstreetmap.org/node/7887119980
33,Mersin,Taşanlar Rent A Car,,,,,,,https://www.openstreetmap.org/node/7900253109
34,İstanbul,ADA,,,,,Fatih,Darüşşifa Sokak,https://www.openstreetmap.org/node/5113590268 https://www.openstreetmap.org/node/5113599422
34,İstanbul,Ak Car Rental,,,,,,,https://www.openstreetmap.org/node/9228696977
34,İstanbul,alka inşaat,,,,,Zeytinburnu,Mevlana Caddesi,https://www.openstreetmap.org/node/5667637501
34,İstanbul,Angaraj otomativ,,+90 216 498 96 68,,,Sultanbeyli,Atatürk caddesi,https://www.openstreetmap.org/node/5329336006
34,İstanbul,Araba kiralama şirketi,,053533887983,,,Sultanbeyli,Şanlıurfa Caddesi,https://www.openstreetmap.org/node/5542883580
34,İstanbul,ARM Rent A Car,,,,,,,https://www.openstreetmap.org/node/14021232338
34,İstanbul,Auto Home,,,https://www.autohome.com.tr/ofisler/istanbul-uskudar,,Üsküdar,"Oymacı Sokağı 11, Altunizade Mahallesi",https://www.openstreetmap.org/node/11328073194
34,İstanbul,AVEC Rent a Car - 4. Levent,,+90 212 280 28 32,https://www.avecrentacar.com/,info@avecrentacar.com,,"Selvili Sokağı 7/A, 34330",https://www.openstreetmap.org/node/10118801017
34,İstanbul,AVEC Rent a Car - İstanbul Havalimanı,,+90 212 244 28 32,https://www.avecrentacar.com/,info@avecrentacar.com,,"Terminal Caddesi 1, 34277",https://www.openstreetmap.org/node/10118759818
34,İstanbul,AVEC Rent a Car - Kadıköy,,+90 216 706 28 00,https://www.avecrentacar.com/,info@avecrentacar.com,,"Bağdat Caddesi 168, 34726",https://www.openstreetmap.org/node/10118762418
34,İstanbul,AVEC Rent a Car - Sabiha Gökçen Havalimanı,,+90 216 398 28 32,https://www.avecrentacar.com/,info@avecrentacar.com,,"Sanayi Mah. 1, 34906",https://www.openstreetmap.org/node/10118773917
34,İstanbul,AVEC Rent a Car - Tekstilkent,,+90 212 531 28 32,https://www.avecrentacar.com/,info@avecrentacar.com,,"Giyimkent Caddesi 2, 34235",https://www.openstreetmap.org/node/10118701317
34,İstanbul,AVEC Rent a Car - Yenibosna,,+90 212 706 28 30,https://www.avecrentacar.com/,info@avecrentacar.com,,"E-5 Airport AVM Yanyol 14, 34158",https://www.openstreetmap.org/node/10118759819
34,İstanbul,Avis,,,,,,Mete Caddesie 12/A,https://www.openstreetmap.org/node/2511872233 https://www.openstreetmap.org/node/6545299279 https://www.openstreetmap.org/node/6742294605 https://www.openstreetmap.org/node/10888992405 https://www.openstreetmap.org/node/10983122463
34,İstanbul,Ayaz Otomotiv,,+90 543 277 39 37,,,Sultanbeyli,Fatih Bulvarı Caddesi,https://www.openstreetmap.org/node/5542883807
34,İstanbul,Balacan Otomotiv,,+90 216 419 39 06,,,Sultanbeyli,Karaçay sokaği,https://www.openstreetmap.org/node/5542883405
34,İstanbul,Basmakcı Oto kiralama,,+90 537 815 16 58,,,Pendik,Fatih Bulvarı Caddesi,https://www.openstreetmap.org/node/5542883394
34,İstanbul,Beyazıt Otomotiv,,+90 537 946 53 34,,,Sultanbeyli,Demokrasi Caddesi,https://www.openstreetmap.org/node/5329298107
34,İstanbul,Boss Auto,,,,,,,https://www.openstreetmap.org/node/9228696976
34,İstanbul,Bostancı Rent a Car,,,,,,,https://www.openstreetmap.org/node/5286468987
34,İstanbul,Budget,,,,,,,https://www.openstreetmap.org/node/6742294603 https://www.openstreetmap.org/node/10888992406
34,İstanbul,Bulut Ret A Car,,,,,,,https://www.openstreetmap.org/node/4599578282
34,İstanbul,Central,,,,,,,https://www.openstreetmap.org/node/10888992408
34,İstanbul,Cimsa( evden eve nakliyat),,+90 216 496 62 02,,,Sultanbeyli,hasanpaşa cadesı جادة حسان باشا,https://www.openstreetmap.org/node/5542883809
34,İstanbul,City Oto Kiralama,,,,,,,https://www.openstreetmap.org/node/10017829547
34,İstanbul,CLS Group,,,,,Küçükçekmece,"Celildağ Caddesi 3/A, Söğütlüçeşme, 34295",https://www.openstreetmap.org/node/12706510096
34,İstanbul,CVT Rent a Car,,,,,,,https://www.openstreetmap.org/node/13378983615
34,İstanbul,Donat Turizm,,,,,Fatih,Kaleci Sokak,https://www.openstreetmap.org/node/5244801991
34,İstanbul,Dursunlar Grup,,+90 541 643 35 36,,,Pendik,Makner Sokağı,https://www.openstreetmap.org/node/5542883409
34,İstanbul,Dusiko meyhane,,,,,,,https://www.openstreetmap.org/node/7123964186
34,İstanbul,Economic Filo Kiralama,,,,,,,https://www.openstreetmap.org/node/3930395108
34,İstanbul,Emefe,,4441937,,,Pendik,Asır Sokağı,https://www.openstreetmap.org/node/5542883600
34,İstanbul,Enterprise,,,https://www.enterprise.com.tr,,Kadıköy,"Bağdat Caddesi 87, Feneryolu Mahallesi, 34724",https://www.openstreetmap.org/node/5269979847 https://www.openstreetmap.org/node/6742294604 https://www.openstreetmap.org/node/11273099246
34,İstanbul,Eren Oto Elektrik,,,,,Fatih,Fatih Türbesi Sokağı,https://www.openstreetmap.org/node/5113465221
34,İstanbul,Europcar,,,,,,,https://www.openstreetmap.org/node/6742341436 https://www.openstreetmap.org/node/14216205388
34,İstanbul,Eva rentacar,,,,,,,https://www.openstreetmap.org/node/12255285501
34,İstanbul,Fox Oto Kiralama,,+902166515252,,,,,https://www.openstreetmap.org/node/925487368
34,İstanbul,Garaj otomotiv sultanbeyli,,+90 216 498 96 88,,,Sultanbeyli,Atatürk caddesi,https://www.openstreetmap.org/node/5329335418
34,İstanbul,GarentaDAY,,,,,,,https://www.openstreetmap.org/node/6742341438 https://www.openstreetmap.org/node/9262135419
34,İstanbul,Genç Umut Otomotiv,,+90 216 496 64 85,,,Sultanbeyli,Atatürk Cd,https://www.openstreetmap.org/node/5329337988
34,İstanbul,Goksu Rent a car,,+90 850 522 3668,,,Sultanbeyli,Eyüp Sultan Caddesi,https://www.openstreetmap.org/node/5542886372
34,İstanbul,Green Motion,,,,,,,https://www.openstreetmap.org/node/6742341437 https://www.openstreetmap.org/node/9393809467
34,İstanbul,Göktuğ Rent a Car,,,,,,,https://www.openstreetmap.org/node/5291793668
34,İstanbul,Güven Otomotiv,,+90 544 505 99 44,,,Sultanbeyli,Şanlıurfa Caddesi,https://www.openstreetmap.org/node/5542883690
34,İstanbul,Güven perde ve oto kiralama,,+90 536 254 69 34,,,Sultanbeyli,Şanlıurfa caddesi,https://www.openstreetmap.org/node/5329337950
34,İstanbul,Hertz,,,,,,43a,https://www.openstreetmap.org/node/4244325090
34,İstanbul,Istek Otomotiv ve inşaat,,,,,Sultanbeyli,Demokrasi Caddesi,https://www.openstreetmap.org/node/5329320596
34,İstanbul,İbrahim Rentcar,,,,,Zeytinburnu,,https://www.openstreetmap.org/node/5667657788
34,İstanbul,Kahve Diyarı,,,,,,,https://www.openstreetmap.org/node/11332619054
34,İstanbul,Kutay otomotiv,,+90 216 398 41 20,,,Sultanbeyli,Şanlıurfa caddesi,https://www.openstreetmap.org/node/5329335358
34,İstanbul,Lacivert Auto & Rent A Car,,,,,,,https://www.openstreetmap.org/node/7077604790
34,İstanbul,Landini Traktörleri Türkiye Distribütörü,,+90 212 512 32 35,,,Fatih,Hüdavendigar Caddesi,https://www.openstreetmap.org/node/5108828004
34,İstanbul,Mahmut gayrimenkul.ve.inşaat,,+90 533 168 46 21,,,Pendik,Antalya caddsi,https://www.openstreetmap.org/node/5542883523
34,İstanbul,Menekşe,,,,,Bağcılar,Yonca sokak,https://www.openstreetmap.org/node/5667670050
34,İstanbul,MEÇ Rent a Car,,,,,,,https://www.openstreetmap.org/node/2201695804
34,İstanbul,Mirada Araç Kiralama,,+90 533 640 3041,,,,8,https://www.openstreetmap.org/node/12997812449
34,İstanbul,Murat Oto Kiralama,,,,,,,https://www.openstreetmap.org/node/10796633120
34,İstanbul,NEO Rent A Car,,,,,İstanbul,,https://www.openstreetmap.org/node/4605721765
34,İstanbul,Nesil rent a car,,+90 541 969 34 34,,,Bağcılar,Mevlana caddesi,https://www.openstreetmap.org/node/5667689805
34,İstanbul,Novacar,,+90 549 130 33 06,https://novacar.com.tr/,fulya@novacar.com.tr,Şişli,"Öğretmen Haşim Çeken Caddesi 2, 19 Mayıs, 34363",https://www.openstreetmap.org/way/1390453106
34,İstanbul,Onur tour,,+90 216 419 12 50,,,Sultanbeyli,Yusuf islam sokağı,https://www.openstreetmap.org/node/5329336004
34,İstanbul,Oto car Rental,,+90 216 999 64 84,,,Sultanbeyli,Menderes Sokaği,https://www.openstreetmap.org/node/5542883559
34,İstanbul,oto kiralama,,+90 541 388 34 61,,,Pendik,Anralva gaddesı caddsi,https://www.openstreetmap.org/node/5542889005 https://www.openstreetmap.org/node/8367069261
34,İstanbul,Oto Meydan,,,,,,,https://www.openstreetmap.org/node/7658751741
34,İstanbul,Oto çarşı,,,,,Sultanbeyli,yenişehir Sokağı,https://www.openstreetmap.org/node/5329319536
34,İstanbul,Otomotiv RT Rent A Car,,,,,,,https://www.openstreetmap.org/node/10110158223
34,İstanbul,Pasha oto emlak,,+90 531 472 12 36,,,Sultanbeyli,Şanlıurfa caddesi,https://www.openstreetmap.org/node/5329336543
34,İstanbul,Pasha rent acar,,+90 216 398 01 80,,,Sultanbeyli,Şanlıurfa Caddesi,https://www.openstreetmap.org/node/5542883795
34,İstanbul,Paylan rent,,+90 216 419 48 51,,,Sultanbeyli,Şanlıurfa Caddesi,https://www.openstreetmap.org/node/5542886390
34,İstanbul,Rent Go,,+90 216 850 41 22,https://www.rentgo.com,atasehir@rentgo.com,Ataşehir,"Ataşehir Bulvarı 23, Atatürk Mahallesi, 34758",https://www.openstreetmap.org/node/10137398017 https://www.openstreetmap.org/node/11329830978
34,İstanbul,Sabiha Gökçen Car Rental,,4445883,https://www.sabihagokcencarrental.com/,,Pendik,"Ankara Caddesi 486, Harmandere Mahallesi, 34912",https://www.openstreetmap.org/node/10172634723
34,İstanbul,Serhat Otomotiv,,,,,Pendik,Demokrasi Caddesi,https://www.openstreetmap.org/node/5542883610
34,İstanbul,Siba Rent a Car,,,,,,,https://www.openstreetmap.org/node/4956404021
34,İstanbul,Sixt,,,,,,34367,https://www.openstreetmap.org/node/6545302905
34,İstanbul,Sultanbeyli oto kiralama,,+90 533 386 72 87,,,Sultanbeyli,Fatih Bulvarı,https://www.openstreetmap.org/node/5542883194
34,İstanbul,Suskun car renting,,,,,Bağcılar,,https://www.openstreetmap.org/node/5667673407
34,İstanbul,Sürmene Otomotiv,,+90 541 528 61 53,,,Sultanbeyli,Gecem Sokağı,https://www.openstreetmap.org/node/5329298030
34,İstanbul,Tahmaz,,,,,Zeytinburnu,48. Sokak,https://www.openstreetmap.org/node/5484743921 https://www.openstreetmap.org/node/5667659684
34,İstanbul,Tarhanlar car rental,,,,,TUZLA,"Rauf Orbay Caddesi 57/A, Evliya Çelebi Mahallesi, 34944",https://www.openstreetmap.org/node/10296740535
34,İstanbul,Tek Rent A Car Araç Kiralama,,+90 530 345 10 10,https://www.tekrentacar.com.tr/,,Ümraniye,"Şehit Ünal Kalafat Caddesi 32, Madenler Mahallesi, 34768",https://www.openstreetmap.org/node/13457826157
34,İstanbul,Tevhid Otomotiv,,+90 544 497 73 17,,,Sultanbeyli,Atatürk Cd,https://www.openstreetmap.org/node/5329337973
34,İstanbul,Umut Vinç,,,,,,,https://www.openstreetmap.org/way/1324689401
34,İstanbul,Uçar Oto Kiralama,,,,,,,https://www.openstreetmap.org/node/11443285669
34,İstanbul,Vınn Rent A Car,,+902122836336,www.vinnrentacar.com,,,,https://www.openstreetmap.org/node/6106198095
34,İstanbul,Wish Car Rental,,4446129,https://www.wishcarrental.com,rezervasyon@wishcarrental.com,Ümraniye,"Poligon Caddesi 8A, Fatih Sultan Mehmet Mahallesi, 34771",https://www.openstreetmap.org/node/11638350406 https://www.openstreetmap.org/node/12409605258
34,İstanbul,Zafer Oto Elektronik,,+90 216 487 18 25,,,Pendik,Demokrasi Caddesi,https://www.openstreetmap.org/node/5542883760
34,İstanbul,Zen motors,,,,,Zeytinburnu,,https://www.openstreetmap.org/node/5667661170
34,İstanbul,Ziraat Filo,,,,,,,https://www.openstreetmap.org/node/14182397902
34,İstanbul,Çakıroğlu Rent acar,,+90 507 814 11 49,,,Sultanbeyli,Petrol yolu Caddesi,https://www.openstreetmap.org/node/5542883799
34,İstanbul,Çizgi Rent A Car,,,,,,,https://www.openstreetmap.org/way/723500815
34,İstanbul,Özgür otomotiv,,+90 538 773 90 49,,,Sultanbeyli,Erdoğan caddesi,https://www.openstreetmap.org/node/5329336017
34,İstanbul,Şenses Otomotiv,,+90 539 945 77 00,,,Sultanbeyli,Sarpkaya Sokağı,https://www.openstreetmap.org/node/5329298450
35,İzmir,Ada Filo,,,,,,,https://www.openstreetmap.org/node/14175282095
35,İzmir,Artuğ Rent a Car,,,,,,,https://www.openstreetmap.org/node/11083509483
35,İzmir,Boycar,,,,,,,https://www.openstreetmap.org/node/8166334930
35,İzmir,Can sürücü kursu,,,,,,,https://www.openstreetmap.org/node/4870207922
35,İzmir,Ceylan Rent a Car,,,,,,,https://www.openstreetmap.org/node/13473469912
35,İzmir,Cizgi,,,,,,,https://www.openstreetmap.org/node/8166348921
35,İzmir,Duray,,,,,,,https://www.openstreetmap.org/node/8166349859
35,İzmir,Ege Oto Kiralama,,+90 532 607 67 69,,,,,https://www.openstreetmap.org/node/8345281805
35,İzmir,Erboy,,,,,,,https://www.openstreetmap.org/node/8166334089
35,İzmir,Eriş Rent A Car,,,,,,,https://www.openstreetmap.org/node/13002562204
35,İzmir,gelin arabası,,+90 538 643 1535,,unokid1@hotmail.com,,,https://www.openstreetmap.org/node/5928868986
35,İzmir,gelindamataraban,,+905386431535,,klasikotocar@hotmail.com,,,https://www.openstreetmap.org/node/5928879985
35,İzmir,GHB,,,,,,,https://www.openstreetmap.org/node/9810945843
35,İzmir,İzmir Adnan Menderes Havalimanı,,,,,,,https://www.openstreetmap.org/node/6422795286
35,İzmir,Kuzey Ege Rent A Car,,,,,,,https://www.openstreetmap.org/node/12348360617
35,İzmir,Majestik,,,,,,,https://www.openstreetmap.org/node/1323315685
35,İzmir,Matcar Rental,,+90 850 303 95 99,https://www.matcarrental.com/en,reservation@matcarrental.com,,695. Sokak 36/M,https://www.openstreetmap.org/node/11990742169
35,İzmir,Otoby Rent A Car,,,,,,,https://www.openstreetmap.org/node/13100384975
35,İzmir,Pusula Rent A Car,,,,,,,https://www.openstreetmap.org/node/12365173475
35,İzmir,TAKSİ DURAĞI,,,,,,,https://www.openstreetmap.org/node/6256591594
35,İzmir,Trend Rent A Car,,,,,,,https://www.openstreetmap.org/node/12348843045
35,İzmir,Umut Oto Kiralama,,+905522823067,https://umutotokiralama.com.tr,,Konak,"No:52, Piri Reis, 324. Sk. No:52, 35280 Konak/İzmir",https://www.openstreetmap.org/way/883934331
35,İzmir,Vizecar,,+905525517327,https://www.vizecar.com/,vizecarizmir@gmail.com,,,https://www.openstreetmap.org/node/6205515785 https://www.openstreetmap.org/node/8177069920
37,Kastamonu,Umut Rent-a-car,,,,,,,https://www.openstreetmap.org/node/11368306790
38,Kayseri,Avec car rental,,,,,,,https://www.openstreetmap.org/node/9212120317
38,Kayseri,AVIS,,,,,,,https://www.openstreetmap.org/node/10106549828
38,Kayseri,Baybars Rent A Car,,+90 507 823 6689,https://www.baybarsrentacar.com/,,,,https://www.openstreetmap.org/node/13547201482
38,Kayseri,Cizgi,,,,,,,https://www.openstreetmap.org/node/11077419757
38,Kayseri,FiloPark,,,,,,,https://www.openstreetmap.org/node/11077419755
38,Kayseri,Garenta,,,,,,,https://www.openstreetmap.org/node/11077419756
38,Kayseri,GreenMotion,,,,,,,https://www.openstreetmap.org/node/11077419758
38,Kayseri,NISSA,,,,,,,https://www.openstreetmap.org/node/9247476917
38,Kayseri,SIXT,,,,,,,https://www.openstreetmap.org/node/11077419754
39,Kırklareli,Mekan39 Yol Yardım Oto Kurtarıcı Hizmetleri,,+90 553 085 62 08,,,,"Değirmen Caddesi 27, 39750",https://www.openstreetmap.org/node/12738890601
39,Kırklareli,Oto Kiralama,,,,,,,https://www.openstreetmap.org/node/8997393022
41,Kocaeli,Akkurtlar Oto Kiralama,,,,,,,https://www.openstreetmap.org/node/5296448367
41,Kocaeli,GarentaDAY,,,,,,,https://www.openstreetmap.org/node/10713155735
41,Kocaeli,Gebze Birlik Oto Kiralama,,,,,,,https://www.openstreetmap.org/node/4573290850
41,Kocaeli,Gönenç Oto Kiralama,,+90 541 631 37 51,,,,,https://www.openstreetmap.org/node/10834484421
41,Kocaeli,İSTCAR RENTA CAR,,,,,,,https://www.openstreetmap.org/node/5294175809
41,Kocaeli,KANBUR Rent A Car,,,,,,,https://www.openstreetmap.org/node/12091636729
41,Kocaeli,Palaoğlu Rent a Car,,+90 262 322 64 22,https://www.palaoglurentacar.com,,,,https://www.openstreetmap.org/node/10834484418
41,Kocaeli,S&U RENT A CAR,,,,,DERİNCE,"ÖNDER CADDESİ, ÇINARLI, 41900",https://www.openstreetmap.org/node/11156153535
41,Kocaeli,Tarhanlar Grup *İnşaat *Gayrimenkul *Rent a Car,,,,,,,https://www.openstreetmap.org/node/5254672178
41,Kocaeli,Toprak Rent A Car,,,,,,,https://www.openstreetmap.org/node/10914321534
41,Kocaeli,Yağmur Rent A Car,,,,,,,https://www.openstreetmap.org/node/9965933627
41,Kocaeli,Üçler Darıca oto araç kiralama,,,,,,,https://www.openstreetmap.org/node/5294058859
42,Konya,Elit 42 Rent A Car,,,,,,,https://www.openstreetmap.org/node/3904517928
42,Konya,Tunam Rent A Car,,,,,Selçuklu/Konya,Ulaşbaba Caddesi,https://www.openstreetmap.org/node/3704159293
42,Konya,Örnek Oto Kiralama,,,,,Konya,,https://www.openstreetmap.org/node/3206159355
44,Malatya,Kernek Rent A Car,,,,,,,https://www.openstreetmap.org/node/4905920222
45,Manisa,Enterprise,,,,,,,https://www.openstreetmap.org/node/13444409568
45,Manisa,Myros Rent a Car,,,https://myrosrentacar.com/,,,,https://www.openstreetmap.org/node/10224694951
46,Kahramanmaraş,Lüx Oto Kiralama,,,,,,,https://www.openstreetmap.org/node/7192030588
47,Mardin,Acar Rent A Car,,+90 543 413 26 52,,,Dargeçit,"Kılavuz Caddesi, Saray Mah.",https://www.openstreetmap.org/node/10172871956
47,Mardin,Can Oto Kiralama,,,,,,,https://www.openstreetmap.org/node/5433239233
47,Mardin,Kâni Oto Kiralama,,+90535 602 27 51,,,,,https://www.openstreetmap.org/node/4853013421
47,Mardin,Mardin Ela Rent A Car,,+90 532 375 5340,,,,,https://www.openstreetmap.org/node/4450716304
47,Mardin,Mardin Rent A Car,,+90 541 460 0047,,,,Işık Cad.,https://www.openstreetmap.org/node/4450716404
47,Mardin,Serhat Rent A Car,,,,,,,https://www.openstreetmap.org/node/13935105501
47,Mardin,Sevgi Rent A Car,,+90 488 212 51 53,,,Artuklu/Mardin,,https://www.openstreetmap.org/node/3805022498
47,Mardin,Vural Rent A Car,,,,,Dargeçit,"Barış Bulvarı 55/A, Tepebaşı Mah.",https://www.openstreetmap.org/node/4851412122
48,Muğla,Abalı Rent A Car,,,,,,,https://www.openstreetmap.org/node/9633066523
48,Muğla,Aegean Car Rental,,,,,,,https://www.openstreetmap.org/node/10135155812
48,Muğla,Auto Centr,,+90 252 417 79 19,,,,,https://www.openstreetmap.org/node/8905013017
48,Muğla,Avis,,+90 549 447 80 90,,,Bodrum,"Neyzen Tevfik Cad. 66/A, 48400",https://www.openstreetmap.org/node/4181916825 https://www.openstreetmap.org/node/4903585714 https://www.openstreetmap.org/node/8913528829 https://www.openstreetmap.org/node/10575081559
48,Muğla,Bodrum Senol rent a car,,+905326352968,http://bodrumsenolrentacar.com,senolkesti@hotmail.com,,Atatürk Cad. no 128/a,https://www.openstreetmap.org/node/6590600387
48,Muğla,Budget,,,,,,,https://www.openstreetmap.org/node/10189317156
48,Muğla,Egeria Rent a car,,+902523193153,http://egeriarentacar.com,,,"Alpaslan Türkeş Bulvarı no 10, 48400",https://www.openstreetmap.org/node/6590660785
48,Muğla,Enterprise,,,,,,,https://www.openstreetmap.org/node/10189317155
48,Muğla,Erbay Rent a Car,,,,,,,https://www.openstreetmap.org/node/13197445981
48,Muğla,Euroauto,,,,,,,https://www.openstreetmap.org/way/498578316
48,Muğla,Europcar,,,,,,,https://www.openstreetmap.org/node/10699781085
48,Muğla,Fethiye Turunç Car Rental,,+908503044448,https://rentalfethiye.com/,,Fethiye,"255. Sokak 13, Taşyaka, 48300",https://www.openstreetmap.org/node/11432911947
48,Muğla,Force rent a car,,+90 282 319 71 92,https://bodrumrenta-car.com/,,,"Eskicesme Mahallesi Sadi Irmak caddesi 27/A 1, 48400",https://www.openstreetmap.org/node/6616137985
48,Muğla,Garden rent a car,,+905362286059,,,,,https://www.openstreetmap.org/node/10124044392
48,Muğla,GarentaDAY,,,,,,,https://www.openstreetmap.org/node/4903585713
48,Muğla,Habeşoğlu,,,,,,,https://www.openstreetmap.org/node/4878187921
48,Muğla,Heis Car Rental,,,,,,,https://www.openstreetmap.org/node/3144413311
48,Muğla,Likya car,,,,,,,https://www.openstreetmap.org/node/9772999869
48,Muğla,Marmaris rent a car,,+902524172668,,,Marmaris,"194. Sokak, 48700",https://www.openstreetmap.org/node/5512972297
48,Muğla,Mst Rent A Car,,,,,,,https://www.openstreetmap.org/node/10224606467
48,Muğla,Oscar,,,,,,,https://www.openstreetmap.org/node/10253851954 https://www.openstreetmap.org/node/13979964135 https://www.openstreetmap.org/way/1134934265
48,Muğla,Proper Car Rental Milas Bodrum Airport,,,,,,,https://www.openstreetmap.org/way/498578310
48,Muğla,Rent Go,,,https://www.rentgo.com,,,,https://www.openstreetmap.org/node/11241215726
48,Muğla,Seaside Rent A Car,,,,,,,https://www.openstreetmap.org/node/3730451301
48,Muğla,Tuana Rent a Car,,+905074926383,http://tuanarentacardatca.com,,,,https://www.openstreetmap.org/node/13335987101
48,Muğla,Turde Turizm,,,,,,,https://www.openstreetmap.org/node/4899552634
48,Muğla,önel rent a car,,,,,,,https://www.openstreetmap.org/node/4184991889
50,Nevşehir,Hizmet Rent A Car,,,,,,,https://www.openstreetmap.org/node/13104273431
50,Nevşehir,Rose Rental,,,,,,,https://www.openstreetmap.org/node/11277142769
50,Nevşehir,sunset rent a car,,,,,,,https://www.openstreetmap.org/node/9532488417
50,Nevşehir,Tulpar Rent A Car,,,,,,,https://www.openstreetmap.org/node/13104273458
50,Nevşehir,Ulu Altan,,,,,,,https://www.openstreetmap.org/node/13093070259
52,Ordu,Avis,,,,,,,https://www.openstreetmap.org/node/7185081295
52,Ordu,Blue rent a car,,+90 533 131 14 80,,,,,https://www.openstreetmap.org/node/8535481717
52,Ordu,Budget,,,,,,,https://www.openstreetmap.org/node/8285089073
52,Ordu,Ceyhun Rent a Car Ordu Merkez Ofisi,,4447794,https://www.ceyhunrentacar.com/,,,,https://www.openstreetmap.org/node/8535325717
54,Sakarya,Baz,,,,,,,https://www.openstreetmap.org/node/6244248986
54,Sakarya,City Rent A Car,,,,,,,https://www.openstreetmap.org/node/8414244615
54,Sakarya,Foma,,,,,,,https://www.openstreetmap.org/node/10805328939
54,Sakarya,Mert Rent A Car,,,,,,,https://www.openstreetmap.org/node/7713403030
55,Samsun,Trio Car Rental,,,,,,,https://www.openstreetmap.org/node/10034834053
58,Sivas,Blue World Oto Kiralama,,,,,,,https://www.openstreetmap.org/node/12918179535
58,Sivas,Car mobil,,,,,,,https://www.openstreetmap.org/node/4543268073
58,Sivas,Force rent a car,,,,,,,https://www.openstreetmap.org/node/4546071151
59,Tekirdağ,A&K Rent A Car Oto Kiralama,,+905053975727,,,,,https://www.openstreetmap.org/node/5546298623
59,Tekirdağ,Aksoy Oto Kiralama,,,,,,,https://www.openstreetmap.org/node/6329890596
59,Tekirdağ,Akyıldız Rent A Car,,,,,,,https://www.openstreetmap.org/node/11298097674
59,Tekirdağ,Arabacıoğlu Otomotiv,,+905426395959,,,Kapaklı,"Kazım Karabekir Caddesi, 59510",https://www.openstreetmap.org/node/4700564740
59,Tekirdağ,Atlas Auto Rent A Car,,,,,Kapaklı,"İstiklal Caddesi 19B, 59510",https://www.openstreetmap.org/node/12532072496
59,Tekirdağ,Avis,,,,,,,https://www.openstreetmap.org/node/11831463160
59,Tekirdağ,Baltacı Rent A Car,,,,,,,https://www.openstreetmap.org/node/13055199418
59,Tekirdağ,Doruk Oto Kiralama,,+905448606291,,,,,https://www.openstreetmap.org/node/8960567513
59,Tekirdağ,DUF Rent A Car,,,,,,,https://www.openstreetmap.org/node/4691667347
59,Tekirdağ,Er Car Oto Kiralama,,+905441171965,,,,,https://www.openstreetmap.org/node/9950184756
59,Tekirdağ,Erdem Oto Kiralama,,+905366631803;+902823618201,,,,,https://www.openstreetmap.org/node/4375010288
59,Tekirdağ,Fırtına Rent A Car Emlak,,+905374328419,,,,Ezgi Sokak,https://www.openstreetmap.org/node/7814350508
59,Tekirdağ,Has Barin Rent A Car,,+905312705925;+905377661974,,,,,https://www.openstreetmap.org/node/7791945612
59,Tekirdağ,MS Car Emlak Rent A Car,,+905414593137,,,Kapaklı,"Dubaz Sokak 18A, 59510",https://www.openstreetmap.org/node/12532072346
59,Tekirdağ,Rent A Car Otomotiv Gayrimenkul,,+905394235606,,,,,https://www.openstreetmap.org/node/13588782322
59,Tekirdağ,Tapancı Otomotiv Oto Kiralama,,+905321540599,,,,,https://www.openstreetmap.org/node/6329890591
59,Tekirdağ,Trakya Emlak Rent A Car,,,,,,,https://www.openstreetmap.org/node/5549080192
59,Tekirdağ,Trakya Oto Kiralama Rent A Car,,+905437454306,,,,Atatürk Caddesi 4,https://www.openstreetmap.org/node/7795050274
59,Tekirdağ,World Rent A Car,,,,,Kapaklı,"Pınar Bulvarı 124-126A, 59510",https://www.openstreetmap.org/node/12528204344
59,Tekirdağ,Çerkezköy Kafkas Oto Kiralama,,,,,,,https://www.openstreetmap.org/node/5102223608
61,Trabzon,Avec Rent a Car,,,,,,,https://www.openstreetmap.org/node/10032128969
61,Trabzon,By Car,,,,,,,https://www.openstreetmap.org/node/7259003692
61,Trabzon,Gazipaşa Oto Kiralama,,,,,,,https://www.openstreetmap.org/node/11775627504
61,Trabzon,Koçmak Rent A Car,,,,,,,https://www.openstreetmap.org/node/10032127597
61,Trabzon,Namlı Rent A Car,,,,,,,https://www.openstreetmap.org/node/10032128970
61,Trabzon,Nehir Rent a Car,,,,,,,https://www.openstreetmap.org/node/7485870106
61,Trabzon,Rent Go,,,,,,,https://www.openstreetmap.org/node/11775627505
61,Trabzon,Rent Go Trabzon Havalimanı,,,,,,,https://www.openstreetmap.org/node/10032127583
61,Trabzon,Right Cars Trabzon,,,,,,,https://www.openstreetmap.org/node/10032128975
61,Trabzon,TS Car Rental,,,,,,,https://www.openstreetmap.org/node/11775627506
61,Trabzon,Yalçın,,,,,,,https://www.openstreetmap.org/node/6817217022
63,Şanlıurfa,Europcar,,+905443672978,,,,,https://www.openstreetmap.org/node/12161955700
64,Uşak,Aga Rent a Car-Oto Kiralama,,,,,,,https://www.openstreetmap.org/node/4851264269
64,Uşak,Atak Oto Kiralama,,,,,,,https://www.openstreetmap.org/node/13702139701
64,Uşak,AyCar Oto Kiralama,,,,,,,https://www.openstreetmap.org/node/4851263768
64,Uşak,Doğanlar Oto Kiralama,,,,,,,https://www.openstreetmap.org/node/4851280335
64,Uşak,Göbelez Oto Kiralama,,,,,,,https://www.openstreetmap.org/node/4851267227
64,Uşak,Tan Oto Kiralama,,,,,,,https://www.openstreetmap.org/node/4851267665
64,Uşak,Taşkın Oto Kiralama,,,,,,,https://www.openstreetmap.org/node/4851267634
65,Van,Enterprise,,,,,,,https://www.openstreetmap.org/node/13342576901
67,Zonguldak,Cinar otomotiv ltd sti,,+90 532 214 79 04,,site2000f1@hotmail.com,,"Meydanbaşı Caddesi 1, 67300",https://www.openstreetmap.org/node/4420674989
68,Aksaray,Gökgöz Rent A Car,,,http://www.gokgozrentacar.com/,,,,https://www.openstreetmap.org/node/9366616205
70,Karaman,Özgürüm Rent A Car,,,,,,,https://www.openstreetmap.org/node/7883401673
72,Batman,Adres Rent A Car,,,,,Merkez,"1405. Sokak 8/B, Şirinevler Mah.",https://www.openstreetmap.org/node/4496838689
72,Batman,Aksoy Oto Kiralama,,,,,Batman,,https://www.openstreetmap.org/node/3349794972
72,Batman,Alp Rent A Car,,+90 545 498 9020,,,Batman,Edip Solmaz Bulvarı,https://www.openstreetmap.org/node/3832426306
72,Batman,Arma Rent A Car,,,,,,,https://www.openstreetmap.org/node/7606491085
72,Batman,Atlas Oto Kiralama,,+90 507 059 7607,,,Batman,1623. Sk,https://www.openstreetmap.org/node/3451699386
72,Batman,Avis,,+90 488 207 1614,,,,,https://www.openstreetmap.org/node/11035374205
72,Batman,AYS Rent A Car,,+90 535 634 44 62,,,Batman,Cumhuriyet Bulvarı,https://www.openstreetmap.org/node/3702280519
72,Batman,Babacan Oto Kiralama,,+90537 652 8087,,,Batman,Hamidiler Caddesi,https://www.openstreetmap.org/node/3213664485
72,Batman,Bahoz Rent A Car,,+90 488 212 0968,,,Batman,Toptancılar Caddesi 9,https://www.openstreetmap.org/node/3750353367
72,Batman,Behlan Oto Kiralama,,,,,Merkez,İnsan Hakları Bulvarı,https://www.openstreetmap.org/node/3529629512
72,Batman,Berat Rent A Car,,,,,,,https://www.openstreetmap.org/node/4584008891
72,Batman,Bilen Rent A Car,,+90 544 665 6630,,,,,https://www.openstreetmap.org/node/5352527422
72,Batman,Botan Rent A Car,,+90 545 272 7120,,,,,https://www.openstreetmap.org/node/5302186224
72,Batman,Bulut Rent A Car,,+90 543 223 4772,,,Merkez,"Kıbrıs Şehitleri Bulvarı 182/A, Kültür Mah.",https://www.openstreetmap.org/node/4936069222
72,Batman,Cadde Rent A Car,,+90 542 287 1634,,,Merkez,"Şehit Fethi Sekin Sokak 72/A, Gap Mah.",https://www.openstreetmap.org/node/5075337824
72,Batman,Can Rent A Car,,,,,Merkez,"2608. Sokak, Kültür Mah.",https://www.openstreetmap.org/node/4118204603
72,Batman,Central Rent A Car,,,,,,,https://www.openstreetmap.org/node/8589506317
72,Batman,Ceylan Rent A Car,,+90 544 221 63 36,,,Merkez,"1711. Sokak 6/A, Ziyagökalp Mah.",https://www.openstreetmap.org/node/9197142401 https://www.openstreetmap.org/node/12645025901
72,Batman,Class Rent A Car,,,,,,,https://www.openstreetmap.org/node/7884741800
72,Batman,Di-Sev Rent A Car,,+90 532 684 8793,,,Batman,Edip Solmaz Bulvarı,https://www.openstreetmap.org/node/3481507701
72,Batman,DT Rent A Car,,+90 541 592 0474,,,Batman,1506.SK,https://www.openstreetmap.org/node/3415464847
72,Batman,Efor Rent A Car,,,,,Batman,İstasyon Caddesi,https://www.openstreetmap.org/node/3750353376
72,Batman,Emir Oto Kiralama,,+90 488 218 0372,,,Merkez,,https://www.openstreetmap.org/node/3765987642 https://www.openstreetmap.org/node/11035374405
72,Batman,Eren Rent A Car,,+90 532 671 3573,,,Batman,Turgut Ozal Blv,https://www.openstreetmap.org/node/3419541341
72,Batman,Es Rent A Car,,+90 542 848 0660,,,,,https://www.openstreetmap.org/node/6402071285
72,Batman,Europcar,,,,,,,https://www.openstreetmap.org/node/8617034017
72,Batman,GarentaDAY,,,,,,,https://www.openstreetmap.org/node/11035398205
72,Batman,Hakan Oto Kiralama,,+90 532 739 9916,,,Batman,,https://www.openstreetmap.org/node/3804831113
72,Batman,İkizler Oto Kiralama,,+90 544 544 84 72,,,,,https://www.openstreetmap.org/node/5352531021
72,Batman,İmza Rent A Car,,,,,,,https://www.openstreetmap.org/node/4048425568
72,Batman,İnci Rent A Car,,+90 542 766 7488,,,Batman,Hamidiler Caddesi,https://www.openstreetmap.org/node/3450322189
72,Batman,İtimat Rent A Car,,+90 488 215 3921,,,Merkez,"Yunus Emre Caddesi 10/B, Yeni Mah.",https://www.openstreetmap.org/node/3465119348
72,Batman,Jiyan Oto Kiralama,,,,,,,https://www.openstreetmap.org/node/5310829921
72,Batman,Kartal Oto Kiralama,,,,,Batman,Fırat Caddesi,https://www.openstreetmap.org/node/4047529574
72,Batman,Kendal Rent A Car,,,,,,,https://www.openstreetmap.org/node/7121639386
72,Batman,Keskin Rent A Car,,+90 552 226 3772,,,,Milli Egemenlik Bulvarı,https://www.openstreetmap.org/node/5338948321
72,Batman,Kılıç Rent A Car,,+90 533 656 0759,,,Merkez,"2515. Sokak, Gap Mah.",https://www.openstreetmap.org/node/8171438329 https://www.openstreetmap.org/node/9013084230
72,Batman,Laçin Rent A Car,,+90 532 496 7569,,,Batman,Sevgi Caddesi,https://www.openstreetmap.org/node/3465085955
72,Batman,Lider Oto Kiralama,,+90 544 258 0026,,,,,https://www.openstreetmap.org/node/4402927689
72,Batman,Merkez Oto Kiralama,,+90 488 215 0096,,,Merkez,"2619. Sokak 11/C, Kültür Mah.",https://www.openstreetmap.org/node/4118204602
72,Batman,Miran Oto Kiralama,,,,,Batman,Ahmet Arif Bulvarı,https://www.openstreetmap.org/node/3993347147
72,Batman,MRT Renta Car,,+90 532 166 8639,,,,2224. Sokak 21,https://www.openstreetmap.org/node/13821608002
72,Batman,MST Oto Kiralama,,,,,Batman,İnsan Haklari Blv,https://www.openstreetmap.org/node/3529629511
72,Batman,Nazar Rent A Car,,+90 542 572 9172,,,Merkez,"2609. Sokak 9, Kültür Mah.",https://www.openstreetmap.org/node/4456568392
72,Batman,Nehir Oto Kiralama,,,,,Batman,Atatürk Bulvarı,https://www.openstreetmap.org/node/3419572294
72,Batman,Nova Rent A Car,,+90 545 518 4222,,,Batman,2502. Sk 9/A,https://www.openstreetmap.org/node/3463510953
72,Batman,Numan Rent A Car,,,,,Batman,Türkiye Petrolleri A.O. Bulvarı,https://www.openstreetmap.org/node/3908882416
72,Batman,Onur Rent a Car,,+90 543 439 2432,,,Batman,2629. Sk,https://www.openstreetmap.org/node/2562603783 https://www.openstreetmap.org/node/3706037850
72,Batman,Otomax Rent A Car,,,,,,,https://www.openstreetmap.org/node/8878023417
72,Batman,Oğuzhan Oto Kiralama,,,,,Merkez,"Mezopotamya Caddesi 23/E, Kültür Mah.",https://www.openstreetmap.org/node/4284267990
72,Batman,Park Rent A Car,,+90 544 576 5747,,,Batman,,https://www.openstreetmap.org/node/3444869942
72,Batman,Petrocity Rent A Car,,+90 532 516 6338,,,Merkez,"Lavanta Sokağı, Gap Mah.",https://www.openstreetmap.org/node/3444869941
72,Batman,RISE CITY Rent A Car,,,,,Batman,Turgut Özal Bulvarı,https://www.openstreetmap.org/node/3607000539
72,Batman,Riva Rent A Car,,,,,Merkez,"Ömer Muhar Bulvarı 71/A, Belde Mah.",https://www.openstreetmap.org/node/6126632585
72,Batman,Rotin Rent A Car,,+90 488 213 7449,,,Batman,Barış Bulvarı,https://www.openstreetmap.org/node/3866819144
72,Batman,RS Rent a Car,,+90 542 464 9212,,,Merkez,"Eflatun Caddesi 2/AA, Belde Mah.",https://www.openstreetmap.org/node/2491947786
72,Batman,Sevim Rent A Car,,,,,Merkez,"Petrol Caddesi, Karşıyaka Mah.",https://www.openstreetmap.org/node/4487248135
72,Batman,Seyyar Rent A Car,,+90 544 692 0272,,,,,https://www.openstreetmap.org/node/4880341025
72,Batman,Yetkin Rent A Car,,+90 537 996 9215,,,Batman,Mimar Sinan Cd,https://www.openstreetmap.org/node/3832426325
72,Batman,Yılmaz Oto Kiralama,,,,,,,https://www.openstreetmap.org/node/9967938018
72,Batman,Zeplin Car,,+90 488 213 9757,,,Merkez,"Av. Zekeriya Aydın Caddesi 24, Kültür Mah.",https://www.openstreetmap.org/node/3895668493
72,Batman,Çarşı Rent A Car,,+90 545 727 2572,,,Batman,Milli Egemenlik Bulvarı,https://www.openstreetmap.org/node/3993347139
72,Batman,Çift-Kar Rent A Car,,,,,,,https://www.openstreetmap.org/node/3957676105
72,Batman,özdemir Rent A Car,,+90 541 835 7242,,,Merkez,Cumhuriyet Bulvarı,https://www.openstreetmap.org/node/4208420196 https://www.openstreetmap.org/node/7649679961
72,Batman,Ümit Rent A Car,,+90 488 212 0131,,,Batman,"Kıbrıs Şehitleri Bulvarı, Pınarbaşı Mah.",https://www.openstreetmap.org/node/3439102315
77,Yalova,Yalova Zeplin Rent a Car,,,,,,,https://www.openstreetmap.org/node/6726103890
81,Düzce,Seymen Rent A Car,,,,,,,https://www.openstreetmap.org/node/3294513844
