firma_adi,yetkili,telefon,website,email,ilce,adres,kaynak
Abone Oto Kiralama,,,,,,,https://www.openstreetmap.org/node/4505869970
Akta Car Rental,,,,,,,https://www.openstreetmap.org/node/14192256803
As Rent a Car,,,,,,,https://www.openstreetmap.org/node/13811078476
Atakent Taksi Durağı,,+90 312 282 04 05,,,,1. Meşrutiyet Caddesi,https://www.openstreetmap.org/node/5213725127
Atlas Oto Kiralama,,,,,Çankaya/Ankara,Cihan Sk.,https://www.openstreetmap.org/node/4237566060
Aydin,,,,,,,https://www.openstreetmap.org/node/10013620671
B&B Oto Kiralama,,,,,,,https://www.openstreetmap.org/node/14046099762
BAHA Rent A Car,,,,,,,https://www.openstreetmap.org/node/9818011542
Ekol Oto Kiralama,,,,,,,https://www.openstreetmap.org/node/13947804376
Elit Mina Rent A Car,,,,,,,https://www.openstreetmap.org/node/13059147423
Filo Rent a Car,,,,,,319. Cadde,https://www.openstreetmap.org/node/13745998802
Han Rent a Car,,+90 312 212 1151;+90 532 363 7877,,,,61. Cadde 35A,https://www.openstreetmap.org/node/13970244101
Kalaycı Rent A Car,,+90 312 317 24 44,,,,,https://www.openstreetmap.org/node/4387484091
MAK Rent A Car & Emlak,,,,,,,https://www.openstreetmap.org/node/9415342022
Mertcan Rent A Car,,,,,Keçiören,Ergün Sokak,https://www.openstreetmap.org/node/4176031036
MSM Motor's Araç Kiralama,,,,,,,https://www.openstreetmap.org/node/13947804336
MT Rent a Car & Emlak,,,,,,,https://www.openstreetmap.org/node/14167212267
Otocar Rental,,,,,,,https://www.openstreetmap.org/node/13654693724
RM Rent a Car,,+90 312 336 77 00,,,,,https://www.openstreetmap.org/node/12640755903
Sar Oto Kiralama,,,,,,,https://www.openstreetmap.org/node/12028916890
"Siyah Beyaz Turizm & Taşımacılık, Araç Kiralama",,,,,,,https://www.openstreetmap.org/node/9415342039
Transfer Araba Kiralama,,,,,,,https://www.openstreetmap.org/node/13584570301
Varda Garage,,,,,,,https://www.openstreetmap.org/node/14167225531
Varlık Vinç,,,,,Gölbaşı,"853. Sokak 6/A, Şafak Mahallesi, 06830",https://www.openstreetmap.org/node/5365741247
Yıldırım Oto Kiralama,,,,,,,https://www.openstreetmap.org/node/13683020451
Zeplin,,,,,,,https://www.openstreetmap.org/node/4353557490
Zeplin Car Rental,,+90 850 800 01 34,https://www.zeplincar.com,kurumsal@zeplincar.com,Etimesgut,"İstasyon Caddesi 182/A, Süvari",https://www.openstreetmap.org/node/13416144494
Şerit Oto Kiralama,,,,,,,https://www.openstreetmap.org/node/13782790689
